{"cameraMode":{"drawMode":0,"name":"Shaded","section":"Shading Mode"},"sceneLighting":true,"audioPlay":false,"sceneViewState":{"showFog":false,"showMaterialUpdate":false,"showSkybox":false,"showFlares":false,"showImageEffects":false,"showParticleSystems":false},"in2DMode":false,"pivot":{"x":7.388068199157715,"y":2.169577121734619,"z":-12.137733459472657},"rotation":{"x":-0.42848750948905947,"y":0.2790394723415375,"z":-0.14104151725769044,"w":-0.8477314710617065},"size":28.732852935791017,"orthographic":false}